<?xml version="1.0" encoding="UTF-8" standalone="yes"?>
<addon id="plugin.video.kaltura" name="kKodi" version="1.0" provider-name="Moshe, Nir, Kobi, Noam">
  <requires>
    <import addon="xbmc.python" version="2.1.0"/>
  </requires>
  <extension point="xbmc.python.pluginsource" library="addon.py">
    <provides>video</provides>
  </extension>
  <extension point="xbmc.addon.metadata">
    <summary lang="en">Kaltura Hackathon 2015 winning project</summary>
    <description lang="en">Kaltura: The leading video platform. With this addon a whole new world of content is now open for you. Just log-in and you can view all the content that the many partners of kaltura are sharing with you</description>
    
    <disclaimer lang="en"></disclaimer>
    <language></language>
    <platform>all</platform>
    <license></license>
    <forum></forum>
    <website></website>
    <email></email>
    <source></source>
  </extension>
</addon>
